{
  "version": 1,
  "author": "Anonymous maker",
  "editor": "wokwi",
  "parts": [
    { "type": "board-esp32-devkit-c-v4", "id": "esp", "top": 0, "left": 0, "attrs": {} },
    { "type": "board-ds18b20", "id": "temp1", "top": -49.13, "left": -101.52, "attrs": {} },
    { "type": "wokwi-led", "id": "led1", "top": 150, "left": 138.2, "attrs": { "color": "red" } },
    {
      "type": "wokwi-buzzer",
      "id": "bz1",
      "top": 12,
      "left": 145.8,
      "attrs": { "volume": "0.1" }
    },
    {
      "type": "wokwi-resistor",
      "id": "r1",
      "top": 42.35,
      "left": -76.8,
      "attrs": { "value": "4700" }
    },
    {
      "type": "wokwi-resistor",
      "id": "r2",
      "top": 186.35,
      "left": 172.8,
      "attrs": { "value": "220" }
    }
  ],
  "connections": [
    [ "esp:TX", "$serialMonitor:RX", "", [] ],
    [ "esp:RX", "$serialMonitor:TX", "", [] ],
    [ "temp1:GND", "esp:GND.1", "black", [ "v0" ] ],
    [ "r1:1", "temp1:DQ", "green", [ "v0", "h-9.6" ] ],
    [ "led1:A", "r2:1", "green", [ "v0" ] ],
    [ "bz1:2", "esp:4", "green", [ "v0" ] ],
    [ "esp:GND.2", "bz1:1", "black", [ "v0", "h24.04", "v67.2" ] ],
    [ "esp:5", "led1:C", "green", [ "h24.04", "v76.8" ] ],
    [ "esp:3V3", "temp1:VCC", "red", [ "h-81.41" ] ],
    [ "r1:2", "esp:3V3", "red", [ "v-19.2", "h-1.2", "v0", "h19.2" ] ],
    [ "esp:15", "temp1:DQ", "green", [ "v0", "h14.44", "v48", "h-201.6" ] ],
    [ "bz1:1", "r2:2", "black", [ "v0", "h57.6" ] ]
  ],
  "dependencies": {}
}